<?xml version="1.0" encoding="UTF-8"?>
<definitions xmlns="http://www.omg.org/spec/BPMN/20100524/MODEL" xmlns:xsi="http://www.w3.org/2001/XMLSchema-instance" xmlns:xsd="http://www.w3.org/2001/XMLSchema" xmlns:activiti="http://activiti.org/bpmn" xmlns:bpmndi="http://www.omg.org/spec/BPMN/20100524/DI" xmlns:omgdc="http://www.omg.org/spec/DD/20100524/DC" xmlns:omgdi="http://www.omg.org/spec/DD/20100524/DI" xmlns:bpmn2="http://www.omg.org/spec/BPMN/20100524/MODEL" xmlns:dc="http://www.omg.org/spec/DD/20100524/DC" xmlns:di="http://www.omg.org/spec/DD/20100524/DI" typeLanguage="http://www.w3.org/2001/XMLSchema" expressionLanguage="http://www.w3.org/1999/XPath" targetNamespace="http://bpmn.io/schema/bpmn" id="sample-diagram" xsi:schemaLocation="http://www.omg.org/spec/BPMN/20100524/MODEL BPMN20.xsd">
  <process id="process-b7824b93-b54c-4d7e-91fc-dec4326d547b" name="dropdownrestprocess" isExecutable="true">
    <startEvent id="StartEvent_1">
      <outgoing>SequenceFlow_16bz93r</outgoing>
    </startEvent>
    <userTask id="UserTask_062ql56" name="Task_form_with_rest_dropdown" activiti:candidateUsers="hruser,admin.adf" activiti:candidateGroups="hr" activiti:formKey="form-5688156c-150c-43bc-83cb-617fd045202a"></userTask>
    <endEvent id="EndEvent_1iyr4oa">
      <incoming>SequenceFlow_1ozkf20</incoming>
    </endEvent>
    <sequenceFlow id="SequenceFlow_16bz93r" sourceRef="StartEvent_1" targetRef="UserTask_062ql56"></sequenceFlow>
    <sequenceFlow id="SequenceFlow_1ozkf20" sourceRef="UserTask_062ql56" targetRef="EndEvent_1iyr4oa"></sequenceFlow>
  </process>
  <bpmndi:BPMNDiagram id="BPMNDiagram_process-b7824b93-b54c-4d7e-91fc-dec4326d547b">
    <bpmndi:BPMNPlane bpmnElement="process-b7824b93-b54c-4d7e-91fc-dec4326d547b" id="BPMNPlane_process-b7824b93-b54c-4d7e-91fc-dec4326d547b">
      <bpmndi:BPMNShape bpmnElement="StartEvent_1" id="BPMNShape_StartEvent_1">
        <omgdc:Bounds height="36.0" width="36.0" x="209.0" y="130.0"></omgdc:Bounds>
      </bpmndi:BPMNShape>
      <bpmndi:BPMNShape bpmnElement="UserTask_062ql56" id="BPMNShape_UserTask_062ql56">
        <omgdc:Bounds height="80.0" width="100.0" x="337.0" y="108.0"></omgdc:Bounds>
      </bpmndi:BPMNShape>
      <bpmndi:BPMNShape bpmnElement="EndEvent_1iyr4oa" id="BPMNShape_EndEvent_1iyr4oa">
        <omgdc:Bounds height="36.0" width="36.0" x="546.0" y="130.0"></omgdc:Bounds>
      </bpmndi:BPMNShape>
      <bpmndi:BPMNEdge bpmnElement="SequenceFlow_16bz93r" id="BPMNEdge_SequenceFlow_16bz93r">
        <omgdi:waypoint x="245.0" y="148.0"></omgdi:waypoint>
        <omgdi:waypoint x="337.0" y="148.0"></omgdi:waypoint>
      </bpmndi:BPMNEdge>
      <bpmndi:BPMNEdge bpmnElement="SequenceFlow_1ozkf20" id="BPMNEdge_SequenceFlow_1ozkf20">
        <omgdi:waypoint x="437.0" y="148.0"></omgdi:waypoint>
        <omgdi:waypoint x="546.0" y="148.0"></omgdi:waypoint>
      </bpmndi:BPMNEdge>
    </bpmndi:BPMNPlane>
  </bpmndi:BPMNDiagram>
</definitions>