{"formRepresentation":{"id":"form-2601d699-ff3b-42b1-aaff-fc35865493c3","name":"numbervisibility","description":"","version":0,"standAlone":true,"formDefinition":{"tabs":[],"fields":[{"id":"9bac8a43-9e46-4b1b-a9f7-2381f41f723d","name":"Label","type":"container","tab":null,"numberOfColumns":2,"fields":{"1":[{"id":"Number1","name":"Number1","type":"integer","colspan":1,"placeholder":null,"minValue":2,"maxValue":7,"required":false,"visibilityCondition":null,"params":{"existingColspan":1,"maxColspan":2}}],"2":[{"id":"Number2","name":"Number2","type":"integer","colspan":1,"placeholder":null,"minValue":null,"maxValue":null,"required":false,"visibilityCondition":{"leftType":"field","leftValue":"Number1","operator":"==","rightValue":"numericValue","rightType":"variable","nextConditionOperator":"","nextCondition":null},"params":{"existingColspan":1,"maxColspan":2}}]}}],"outcomes":[],"metadata":{},"variables":[{"id":"1c9af3d8-4d23-4063-aae6-343732f28947","name":"numericValue","type":"integer","value":5}]}}}